{ "height":15,
 "layers":[
        {
         "data":[1, 1, 1, 1, 1, 1, 1, 1, 1, 1, 1, 1, 1, 1, 1, 1, 1, 1, 1, 1, 1, 125, 125, 125, 125, 125, 125, 125, 125, 125, 125, 125, 125, 125, 125, 125, 125, 125, 125, 1, 1, 125, 51, 51, 51, 157, 51, 51, 51, 51, 51, 51, 51, 51, 157, 51, 51, 51, 125, 1, 1, 125, 51, 125, 125, 125, 125, 125, 125, 125, 125, 125, 125, 125, 125, 125, 125, 51, 125, 1, 1, 125, 51, 125, 51, 51, 51, 51, 51, 51, 51, 51, 51, 51, 51, 51, 125, 51, 125, 1, 1, 125, 157, 125, 125, 125, 125, 125, 13, 13, 13, 13, 125, 125, 125, 125, 125, 157, 125, 1, 1, 125, 51, 125, 125, 125, 125, 125, 13, 13, 13, 13, 125, 125, 125, 125, 125, 51, 125, 1, 1, 125, 51, 51, 51, 51, 51, 51, 13, 51, 51, 13, 51, 51, 51, 51, 51, 51, 125, 1, 1, 125, 51, 125, 125, 125, 125, 125, 13, 13, 13, 13, 125, 125, 125, 125, 125, 51, 125, 1, 1, 125, 157, 125, 125, 125, 125, 125, 13, 13, 13, 13, 125, 125, 125, 125, 125, 157, 125, 1, 1, 125, 51, 125, 51, 51, 51, 51, 51, 51, 51, 51, 51, 51, 51, 51, 125, 51, 125, 1, 1, 125, 51, 125, 125, 125, 125, 125, 125, 125, 125, 125, 125, 125, 125, 125, 125, 51, 125, 1, 1, 125, 51, 51, 51, 157, 51, 51, 51, 51, 51, 51, 51, 51, 157, 51, 51, 51, 125, 1, 1, 125, 125, 125, 125, 125, 125, 125, 125, 125, 125, 125, 125, 125, 125, 125, 125, 125, 125, 1, 1, 1, 1, 1, 1, 1, 1, 1, 1, 1, 1, 1, 1, 1, 1, 1, 1, 1, 1, 1],
         "height":15,
         "name":"background",
         "opacity":1,
         "type":"tilelayer",
         "visible":true,
         "width":20,
         "x":0,
         "y":0
        }, 
        {
         "height":15,
         "name":"entities",
         "objects":[
                {
                 "height":32,
                 "name":"mainPlayer",
                 "properties":
                    {
                     "image":"player",
                     "spriteheight":"32",
                     "spritewidth":"32"
                    },
                 "type":"",
                 "width":32,
                 "x":32,
                 "y":32
                }, 
                {
                 "height":0,
                 "name":"",
                 "properties":
                    {

                    },
                 "type":"",
                 "width":64,
                 "x":480,
                 "y":0
                }, 
                {
                 "height":32,
                 "name":"bomb",
                 "properties":
                    {
                     "image":"explosion",
                     "spriteheight":"32",
                     "spritewidth":"32"
                    },
                 "type":"",
                 "width":32,
                 "x":576,
                 "y":1024
                }, 
                {
                 "height":32,
                 "name":"bomb",
                 "properties":
                    {
                     "image":"explosion",
                     "spriteheight":"32",
                     "spritewidth":"32"
                    },
                 "type":"",
                 "width":32,
                 "x":576,
                 "y":32
                }],
         "opacity":1,
         "type":"objectgroup",
         "visible":true,
         "width":20,
         "x":0,
         "y":0
        }, 
        {
         "data":[241, 241, 241, 241, 241, 241, 241, 241, 241, 241, 241, 241, 241, 241, 241, 241, 241, 241, 241, 241, 241, 0, 0, 0, 0, 0, 0, 0, 0, 0, 0, 0, 0, 0, 0, 0, 0, 0, 0, 241, 241, 0, 241, 241, 241, 0, 241, 241, 241, 241, 241, 241, 241, 241, 0, 241, 241, 241, 0, 241, 241, 0, 241, 0, 0, 0, 0, 0, 0, 0, 0, 0, 0, 0, 0, 0, 0, 241, 0, 241, 241, 0, 241, 0, 241, 241, 241, 241, 241, 241, 241, 241, 241, 241, 241, 241, 0, 241, 0, 241, 241, 0, 0, 0, 0, 0, 0, 0, 0, 0, 0, 0, 0, 0, 0, 0, 0, 0, 0, 241, 241, 0, 241, 0, 0, 0, 0, 0, 0, 0, 0, 0, 0, 0, 0, 0, 0, 241, 0, 241, 241, 0, 241, 241, 241, 241, 241, 241, 0, 241, 241, 0, 241, 241, 241, 241, 241, 241, 0, 241, 241, 0, 241, 0, 0, 0, 0, 0, 0, 0, 0, 0, 0, 0, 0, 0, 0, 241, 0, 241, 241, 0, 0, 0, 0, 0, 0, 0, 0, 0, 0, 0, 0, 0, 0, 0, 0, 0, 0, 241, 241, 0, 241, 0, 241, 241, 241, 241, 241, 241, 241, 241, 241, 241, 241, 241, 0, 241, 0, 241, 241, 0, 241, 0, 0, 0, 0, 0, 0, 0, 0, 0, 0, 0, 0, 0, 0, 241, 0, 241, 241, 0, 241, 241, 241, 0, 241, 241, 241, 241, 241, 241, 241, 241, 0, 241, 241, 241, 0, 241, 241, 0, 0, 0, 0, 0, 0, 0, 0, 0, 0, 0, 0, 0, 0, 0, 0, 0, 0, 241, 241, 241, 241, 241, 241, 241, 241, 241, 241, 241, 241, 241, 241, 241, 241, 241, 241, 241, 241, 241],
         "height":15,
         "name":"collision",
         "opacity":1,
         "type":"tilelayer",
         "visible":true,
         "width":20,
         "x":0,
         "y":0
        }],
 "orientation":"orthogonal",
 "properties":
    {

    },
 "tileheight":32,
 "tilesets":[
        {
         "firstgid":1,
         "image":"TileA4.png",
         "imageheight":480,
         "imagewidth":512,
         "margin":0,
         "name":"TileA4",
         "properties":
            {

            },
         "spacing":0,
         "tileheight":32,
         "tilewidth":32
        }, 
        {
         "firstgid":241,
         "image":"metatiles32x32.png",
         "imageheight":32,
         "imagewidth":160,
         "margin":0,
         "name":"metatiles32x32",
         "properties":
            {

            },
         "spacing":0,
         "tileheight":32,
         "tileproperties":
            {
             "0":
                {
                 "type":"solid"
                },
             "1":
                {
                 "type":"platform"
                }
            },
         "tilewidth":32
        }],
 "tilewidth":32,
 "version":1,
 "width":20
}